Country,code,year,deaths
India,IND,2023,9368327
India,IND,2022,12862015
India,IND,2020,8468267
India,IND,2015,8756300
India,IND,2010,9823825
India,IND,2005,9606005
India,IND,2000,9592460
India,IND,1995,9529884
India,IND,1990,9443755
India,IND,1985,9305873
India,IND,1980,9269376
India,IND,1975,9220819
India,IND,1970,9095710
India,IND,1965,9162368
India,IND,1960,8825601
India,IND,1955,10262275
China,CHN,2023,10705689
China,CHN,2022,10522510
China,CHN,2020,12179970
China,CHN,2015,19613436
China,CHN,2010,10739325
China,CHN,2005,9920086
China,CHN,2000,8241591
China,CHN,1995,7440841
China,CHN,1990,7502237
China,CHN,1985,8037908
China,CHN,1980,7668710
China,CHN,1975,7867292
China,CHN,1970,8063729
China,CHN,1965,8737983
China,CHN,1960,9449728
China,CHN,1955,10346232
United States,USA,2023,2912402
United States,USA,2022,3144657
United States,USA,2020,1496520
United States,USA,2015,1671107
United States,USA,2010,1786104
United States,USA,2005,1883108
United States,USA,2000,1853600
United States,USA,1995,1953595
United States,USA,1990,2058608
United States,USA,1985,2124914
United States,USA,1980,2293366
United States,USA,1975,2390401
United States,USA,1970,2442263
United States,USA,1965,2469925
United States,USA,1960,2699590
United States,USA,1955,3238518
Indonesia,IDN,2023,2088651
Indonesia,IDN,2022,2642122
Indonesia,IDN,2020,1542415
Indonesia,IDN,2015,1592968
Indonesia,IDN,2010,2120931
Indonesia,IDN,2005,1575549
Indonesia,IDN,2000,1544272
Indonesia,IDN,1995,1520812
Indonesia,IDN,1990,1481346
Indonesia,IDN,1985,1477380
Indonesia,IDN,1980,1487222
Indonesia,IDN,1975,1580688
Indonesia,IDN,1970,1679144
Indonesia,IDN,1965,1807440
Indonesia,IDN,1960,1932676
Indonesia,IDN,1955,2436950
Pakistan,PAK,2023,1656456
Pakistan,PAK,2022,1589297
Pakistan,PAK,2020,1606293
Pakistan,PAK,2015,1504820
Pakistan,PAK,2010,1479575
Pakistan,PAK,2005,1467794
Pakistan,PAK,2000,1349760
Pakistan,PAK,1995,1355586
Pakistan,PAK,1990,1238482
Pakistan,PAK,1985,1100992
Pakistan,PAK,1980,970044
Pakistan,PAK,1975,882423
Pakistan,PAK,1970,818806
Pakistan,PAK,1965,897333
Pakistan,PAK,1960,961020
Pakistan,PAK,1955,1022153
Nigeria,NGA,2023,2747861
Nigeria,NGA,2022,2717203
Nigeria,NGA,2020,2708008
Nigeria,NGA,2015,2541011
Nigeria,NGA,2010,2354679
Nigeria,NGA,2005,2232152
Nigeria,NGA,2000,2145653
Nigeria,NGA,1995,2040259
Nigeria,NGA,1990,1773185
Nigeria,NGA,1985,1570962
Nigeria,NGA,1980,1396900
Nigeria,NGA,1975,1336292
Nigeria,NGA,1970,1353093
Nigeria,NGA,1965,1258330
Nigeria,NGA,1960,1178708
Nigeria,NGA,1955,1088067
Brazil,BRA,2023,1465348
Brazil,BRA,2022,1752232
Brazil,BRA,2020,1581430
Brazil,BRA,2015,1319930
Brazil,BRA,2010,1217149
Brazil,BRA,2005,1140735
Brazil,BRA,2000,1125256
Brazil,BRA,1995,1093164
Brazil,BRA,1990,1078578
Brazil,BRA,1985,1066387
Brazil,BRA,1980,1073639
Brazil,BRA,1975,1059368
Brazil,BRA,1970,1042815
Brazil,BRA,1965,1039012
Brazil,BRA,1960,1024950
Brazil,BRA,1955,989916
Bangladesh,BGD,2023,919310
Bangladesh,BGD,2022,907425
Bangladesh,BGD,2020,973853
Bangladesh,BGD,2015,912490
Bangladesh,BGD,2010,907362
Bangladesh,BGD,2005,907531
Bangladesh,BGD,2000,887066
Bangladesh,BGD,1995,1120364
Bangladesh,BGD,1990,1257445
Bangladesh,BGD,1985,1316506
Bangladesh,BGD,1980,1313211
Bangladesh,BGD,1975,1246441
Bangladesh,BGD,1970,1508695
Bangladesh,BGD,1965,1129838
Bangladesh,BGD,1960,1069699
Bangladesh,BGD,1955,1043891
Russia,RUS,2023,1738708
Russia,RUS,2022,2356663
Russia,RUS,2020,2066849
Russia,RUS,2015,1873440
Russia,RUS,2010,2049572
Russia,RUS,2005,2321138
Russia,RUS,2000,2276886
Russia,RUS,1995,2276818
Russia,RUS,1990,1624999
Russia,RUS,1985,1632281
Russia,RUS,1980,1532910
Russia,RUS,1975,1316539
Russia,RUS,1970,1147092
Russia,RUS,1965,976199
Russia,RUS,1960,909975
Russia,RUS,1955,1021230
Mexico,MEX,2023,864261
Mexico,MEX,2022,855022
Mexico,MEX,2020,1175636
Mexico,MEX,2015,721944
Mexico,MEX,2010,629665
Mexico,MEX,2005,536265
Mexico,MEX,2000,490035
Mexico,MEX,1995,479154
Mexico,MEX,1990,473031
Mexico,MEX,1985,476791
Mexico,MEX,1980,513740
Mexico,MEX,1975,495424
Mexico,MEX,1970,483743
Mexico,MEX,1965,474221
Mexico,MEX,1960,488005
Mexico,MEX,1955,523892
Ethiopia,ETH,2023,773204
Ethiopia,ETH,2022,801777
Ethiopia,ETH,2020,775334
Ethiopia,ETH,2015,738626
Ethiopia,ETH,2010,802949
Ethiopia,ETH,2005,947564
Ethiopia,ETH,2000,989714
Ethiopia,ETH,1995,970253
Ethiopia,ETH,1990,957417
Ethiopia,ETH,1985,1077483
Ethiopia,ETH,1980,760736
Ethiopia,ETH,1975,803147
Ethiopia,ETH,1970,617673
Ethiopia,ETH,1965,540938
Ethiopia,ETH,1960,507670
Ethiopia,ETH,1955,506602
Japan,JPN,2023,1574865
Japan,JPN,2022,1567933
Japan,JPN,2020,1511209
Japan,JPN,2015,1405072
Japan,JPN,2010,1295676
Japan,JPN,2005,1164011
Japan,JPN,2000,1024232
Japan,JPN,1995,977753
Japan,JPN,1990,866210
Japan,JPN,1985,789154
Japan,JPN,1980,755442
Japan,JPN,1975,730464
Japan,JPN,1970,745670
Japan,JPN,1965,729342
Japan,JPN,1960,730473
Japan,JPN,1955,714063
Philippines,PHL,2023,659081
Philippines,PHL,2022,643713
Philippines,PHL,2020,624582
Philippines,PHL,2015,590944
Philippines,PHL,2010,533882
Philippines,PHL,2005,476162
Philippines,PHL,2000,447028
Philippines,PHL,1995,409301
Philippines,PHL,1990,418039
Philippines,PHL,1985,428101
Philippines,PHL,1980,401471
Philippines,PHL,1975,363543
Philippines,PHL,1970,326689
Philippines,PHL,1965,298746
Philippines,PHL,1960,299155
Philippines,PHL,1955,286665
Egypt,EGY,2023,680946
Egypt,EGY,2022,709349
Egypt,EGY,2020,628726
Egypt,EGY,2015,569391
Egypt,EGY,2010,525460
Egypt,EGY,2005,490856
Egypt,EGY,2000,455708
Egypt,EGY,1995,450854
Egypt,EGY,1990,468751
Egypt,EGY,1985,520288
Egypt,EGY,1980,564397
Egypt,EGY,1975,594716
Egypt,EGY,1970,595100
Egypt,EGY,1965,558711
Egypt,EGY,1960,577665
Egypt,EGY,1955,598690
Vietnam,VNM,2023,681157
Vietnam,VNM,2022,670956
Vietnam,VNM,2020,596182
Vietnam,VNM,2015,594095
Vietnam,VNM,2010,541404
Vietnam,VNM,2005,488022
Vietnam,VNM,2000,455108
Vietnam,VNM,1995,436626
Vietnam,VNM,1990,456127
Vietnam,VNM,1985,452026
Vietnam,VNM,1980,430520
Vietnam,VNM,1975,445334
Vietnam,VNM,1970,535630
Vietnam,VNM,1965,437435
Vietnam,VNM,1960,375245
Vietnam,VNM,1955,368706
Iran,IRN,2023,448129
Iran,IRN,2022,544855
Iran,IRN,2020,486271
Iran,IRN,2015,394524
Iran,IRN,2010,384716
Iran,IRN,2005,348018
Iran,IRN,2000,336549
Iran,IRN,1995,335330
Iran,IRN,1990,395366
Iran,IRN,1985,414661
Iran,IRN,1980,421590
Iran,IRN,1975,428029
Iran,IRN,1970,468344
Iran,IRN,1965,482459
Iran,IRN,1960,492822
Iran,IRN,1955,490819
Turkey,TUR,2023,445281
Turkey,TUR,2022,436097
Turkey,TUR,2020,536806
Turkey,TUR,2015,407307
Turkey,TUR,2010,384167
Turkey,TUR,2005,367664
Turkey,TUR,2000,360256
Turkey,TUR,1995,369663
Turkey,TUR,1990,371685
Turkey,TUR,1985,394090
Turkey,TUR,1980,430666
Turkey,TUR,1975,462021
Turkey,TUR,1970,470703
Turkey,TUR,1965,468571
Turkey,TUR,1960,488850
Turkey,TUR,1955,471984
Germany,DEU,2023,947408
Germany,DEU,2022,1029665
Germany,DEU,2020,971767
Germany,DEU,2015,926561
Germany,DEU,2010,859207
Germany,DEU,2005,829939
Germany,DEU,2000,839691
Germany,DEU,1995,884079
Germany,DEU,1990,919871
Germany,DEU,1985,929972
Germany,DEU,1980,951189
Germany,DEU,1975,989460
Germany,DEU,1970,976107
Germany,DEU,1965,907914
Germany,DEU,1960,879225
Germany,DEU,1955,801742
Thailand,THA,2023,548045
Thailand,THA,2022,536683
Thailand,THA,2020,519058
Thailand,THA,2015,472520
Thailand,THA,2010,430364
Thailand,THA,2005,415962
Thailand,THA,2000,380684
Thailand,THA,1995,354185
Thailand,THA,1990,309013
Thailand,THA,1985,310818
Thailand,THA,1980,332147
Thailand,THA,1975,342433
Thailand,THA,1970,369462
Thailand,THA,1965,381794
Thailand,THA,1960,391987
Thailand,THA,1955,407441
United Kingdom,GBR,2023,617021
United Kingdom,GBR,2022,613410
United Kingdom,GBR,2020,672991
United Kingdom,GBR,2015,601754
United Kingdom,GBR,2010,560655
United Kingdom,GBR,2005,581215
United Kingdom,GBR,2000,607061
United Kingdom,GBR,1995,644410
United Kingdom,GBR,1990,641688
United Kingdom,GBR,1985,672170
United Kingdom,GBR,1980,661807
United Kingdom,GBR,1975,662172
United Kingdom,GBR,1970,655267
United Kingdom,GBR,1965,625005
United Kingdom,GBR,1960,603662
United Kingdom,GBR,1955,595556
France,FRA,2023,611378
France,FRA,2022,607306
France,FRA,2020,655662
France,FRA,2015,582205
France,FRA,2010,540813
France,FRA,2005,525879
France,FRA,2000,531207
France,FRA,1995,530979
France,FRA,1990,526560
France,FRA,1985,553196
France,FRA,1980,547419
France,FRA,1975,560204
France,FRA,1970,541997
France,FRA,1965,539894
France,FRA,1960,520826
France,FRA,1955,527292
South Africa,ZAF,2023,652181
South Africa,ZAF,2022,720175
South Africa,ZAF,2020,553914
South Africa,ZAF,2015,514293
South Africa,ZAF,2010,582529
South Africa,ZAF,2005,645838
South Africa,ZAF,2000,476555
South Africa,ZAF,1995,369071
South Africa,ZAF,1990,319227
South Africa,ZAF,1985,293713
South Africa,ZAF,1980,288820
South Africa,ZAF,1975,285288
South Africa,ZAF,1970,273496
South Africa,ZAF,1965,250816
South Africa,ZAF,1960,232405
South Africa,ZAF,1955,252627
Italy,ITA,2023,634310
Italy,ITA,2022,629652
Italy,ITA,2020,716753
Italy,ITA,2015,642236
Italy,ITA,2010,580159
Italy,ITA,2005,563488
Italy,ITA,2000,559012
Italy,ITA,1995,555676
Italy,ITA,1990,542928
Italy,ITA,1985,546810
Italy,ITA,1980,554407
Italy,ITA,1975,553806
Italy,ITA,1970,520728
Italy,ITA,1965,516986
Italy,ITA,1960,480963
Italy,ITA,1955,446204
Kenya,KEN,2023,402377
Kenya,KEN,2022,423182
Kenya,KEN,2020,387712
Kenya,KEN,2015,345318
Kenya,KEN,2010,314357
Kenya,KEN,2005,327904
Kenya,KEN,2000,329440
Kenya,KEN,1995,279632
Kenya,KEN,1990,215713
Kenya,KEN,1985,170436
Kenya,KEN,1980,161623
Kenya,KEN,1975,161995
Kenya,KEN,1970,158483
Kenya,KEN,1965,148158
Kenya,KEN,1960,144571
Kenya,KEN,1955,156013
Myanmar,MMR,2023,480797
Myanmar,MMR,2022,474133
Myanmar,MMR,2020,471418
Myanmar,MMR,2015,446949
Myanmar,MMR,2010,455611
Myanmar,MMR,2005,460352
Myanmar,MMR,2000,455684
Myanmar,MMR,1995,460801
Myanmar,MMR,1990,460947
Myanmar,MMR,1985,450278
Myanmar,MMR,1980,434423
Myanmar,MMR,1975,429077
Myanmar,MMR,1970,420026
Myanmar,MMR,1965,431251
Myanmar,MMR,1960,449475
Myanmar,MMR,1955,463450
Colombia,COL,2023,287479
Colombia,COL,2022,384947
Colombia,COL,2020,335656
Colombia,COL,2015,243633
Colombia,COL,2010,220750
Colombia,COL,2005,214241
Colombia,COL,2000,209911
Colombia,COL,1995,200808
Colombia,COL,1990,190271
Colombia,COL,1985,191701
Colombia,COL,1980,161752
Colombia,COL,1975,167106
Colombia,COL,1970,179623
Colombia,COL,1965,183487
Colombia,COL,1960,186589
Colombia,COL,1955,196985
South Korea,KOR,2023,354920
South Korea,KOR,2022,342113
South Korea,KOR,2020,321110
South Korea,KOR,2015,278713
South Korea,KOR,2010,256016
South Korea,KOR,2005,244811
South Korea,KOR,2000,236180
South Korea,KOR,1995,241909
South Korea,KOR,1990,234766
South Korea,KOR,1985,247294
South Korea,KOR,1980,267925
South Korea,KOR,1975,255831
South Korea,KOR,1970,261598
South Korea,KOR,1965,294509
South Korea,KOR,1960,326808
South Korea,KOR,1955,351891
Uganda,UGA,2023,318505
Uganda,UGA,2022,284372
Uganda,UGA,2020,259787
Uganda,UGA,2015,249412
Uganda,UGA,2010,286470
Uganda,UGA,2005,326161
Uganda,UGA,2000,367928
Uganda,UGA,1995,359857
Uganda,UGA,1990,318505
Uganda,UGA,1985,284372
Uganda,UGA,1980,281867
Uganda,UGA,1975,218324
Uganda,UGA,1970,169065
Uganda,UGA,1965,151717
Uganda,UGA,1960,147006
Uganda,UGA,1955,150061
Sudan,SDN,2023,312356
Sudan,SDN,2022,313059
Sudan,SDN,2020,296441
Sudan,SDN,2015,267594
Sudan,SDN,2010,259386
Sudan,SDN,2005,297432
Sudan,SDN,2000,255520
Sudan,SDN,1995,307660
Sudan,SDN,1990,314494
Sudan,SDN,1985,346906
Sudan,SDN,1980,217179
Sudan,SDN,1975,182793
Sudan,SDN,1970,209172
Sudan,SDN,1965,172441
Sudan,SDN,1960,150638
Sudan,SDN,1955,123014
Spain,ESP,2023,434759
Spain,ESP,2022,431513
Spain,ESP,2020,493075
Spain,ESP,2015,420377
Spain,ESP,2010,380417
Spain,ESP,2005,384161
Spain,ESP,2000,357583
Spain,ESP,1995,343049
Spain,ESP,1990,331236
Spain,ESP,1985,311467
Spain,ESP,1980,287498
Spain,ESP,1975,296718
Spain,ESP,1970,284846
Spain,ESP,1965,273446
Spain,ESP,1960,270174
Spain,ESP,1955,275345
Argentina,ARG,2023,342195
Argentina,ARG,2022,390865
Argentina,ARG,2020,383131
Argentina,ARG,2015,326265
Argentina,ARG,2010,314899
Argentina,ARG,2005,290130
Argentina,ARG,2000,281810
Argentina,ARG,1995,263363
Argentina,ARG,1990,252741
Argentina,ARG,1985,258730
Argentina,ARG,1980,244455
Argentina,ARG,1975,232513
Argentina,ARG,1970,218037
Argentina,ARG,1965,199699
Argentina,ARG,1960,179885
Argentina,ARG,1955,173020
Algeria,DZA,2023,342195
Algeria,DZA,2022,390865
Algeria,DZA,2020,234547
Algeria,DZA,2015,175550
Algeria,DZA,2010,170579
Algeria,DZA,2005,163225
Algeria,DZA,2000,155079
Algeria,DZA,1995,162008
Algeria,DZA,1990,146283
Algeria,DZA,1985,167522
Algeria,DZA,1980,254416
Algeria,DZA,1975,281063
Algeria,DZA,1970,302337
Algeria,DZA,1965,287369
Algeria,DZA,1960,271718
Algeria,DZA,1955,249176
Iraq,IRQ,2023,193126
Iraq,IRQ,2022,197270
Iraq,IRQ,2020,222816
Iraq,IRQ,2015,187339
Iraq,IRQ,2010,182689
Iraq,IRQ,2005,193047
Iraq,IRQ,2000,151769
Iraq,IRQ,1995,138275
Iraq,IRQ,1990,189809
Iraq,IRQ,1985,148131
Iraq,IRQ,1980,128039
Iraq,IRQ,1975,116382
Iraq,IRQ,1970,109637
Iraq,IRQ,1965,109235
Iraq,IRQ,1960,98435
Iraq,IRQ,1955,122645
Afghanistan,AFG,2023,268054
Afghanistan,AFG,2022,284297
Afghanistan,AFG,2020,277695
Afghanistan,AFG,2015,275239
Afghanistan,AFG,2010,281003
Afghanistan,AFG,2005,288979
Afghanistan,AFG,2000,295301
Afghanistan,AFG,1995,316937
Afghanistan,AFG,1990,314987
Afghanistan,AFG,1985,203514
Afghanistan,AFG,1980,230943
Afghanistan,AFG,1975,242535
Afghanistan,AFG,1970,241454
Afghanistan,AFG,1965,233308
Afghanistan,AFG,1960,248560
Afghanistan,AFG,1955,276683
Poland,POL,2023,416348
Poland,POL,2022,479303
Poland,POL,2020,471412
Poland,POL,2015,395527
Poland,POL,2010,378642
Poland,POL,2005,368483
Poland,POL,2000,368313
Poland,POL,1995,385982
Poland,POL,1990,390221
Poland,POL,1985,383376
Poland,POL,1980,353088
Poland,POL,1975,299343
Poland,POL,1970,269146
Poland,POL,1965,231547
Poland,POL,1960,223778
Poland,POL,1955,274090
Canada,CAN,2023,302395
Canada,CAN,2022,297812
Canada,CAN,2020,304741
Canada,CAN,2015,264204
Canada,CAN,2010,239723
Canada,CAN,2005,229879
Canada,CAN,2000,217626
Canada,CAN,1995,210676
Canada,CAN,1990,191913
Canada,CAN,1985,181307
Canada,CAN,1980,171194
Canada,CAN,1975,167000
Canada,CAN,1970,155330
Canada,CAN,1965,147990
Canada,CAN,1960,139237
Canada,CAN,1955,128954
Morocco,JAN,2023,220336
Morocco,FEB,2022,216097
Morocco,MAR,2020,222905
Morocco,MAR,2015,198094
Morocco,MAR,2010,193934
Morocco,MAR,2005,188186
Morocco,MAR,2000,183928
Morocco,MAR,1995,184265
Morocco,MAR,1990,189752
Morocco,MAR,1985,209596
Morocco,MAR,1980,232612
Morocco,MAR,1975,251415
Morocco,MAR,1970,250544
Morocco,MAR,1965,254662
Morocco,MAR,1960,267971
Morocco,MAR,1955,247793
Saudi Arabia,SAU,2023,103805
Saudi Arabia,SAU,2022,100157
Saudi Arabia,SAU,2020,106371
Saudi Arabia,SAU,2015,83169
Saudi Arabia,SAU,2010,73175
Saudi Arabia,SAU,2005,69551
Saudi Arabia,SAU,2000,75009
Saudi Arabia,SAU,1995,75148
Saudi Arabia,SAU,1990,77143
Saudi Arabia,SAU,1985,79517
Saudi Arabia,SAU,1980,83839
Saudi Arabia,SAU,1975,90348
Saudi Arabia,SAU,1970,93414
Saudi Arabia,SAU,1965,92076
Saudi Arabia,SAU,1960,87264
Saudi Arabia,SAU,1955,83291
Ukraine,UKR,2023,618465
Ukraine,UKR,2022,920958
Ukraine,UKR,2020,698849
Ukraine,UKR,2015,596083
Ukraine,UKR,2010,697954
Ukraine,UKR,2005,780775
Ukraine,UKR,2000,758336
Ukraine,UKR,1995,791491
Ukraine,UKR,1990,629736
Ukraine,UKR,1985,617927
Ukraine,UKR,1980,567808
Ukraine,UKR,1975,487958
Ukraine,UKR,1970,444715
Ukraine,UKR,1965,361785
Ukraine,UKR,1960,321030
Ukraine,UKR,1955,402040
Uzbekistan,UZB,2023,211731
Uzbekistan,UZB,2022,207601
Uzbekistan,UZB,2020,226461
Uzbekistan,UZB,2015,192576
Uzbekistan,UZB,2010,183059
Uzbekistan,UZB,2005,175394
Uzbekistan,UZB,2000,171848
Uzbekistan,UZB,1995,174870
Uzbekistan,UZB,1990,157484
Uzbekistan,UZB,1985,153583
Uzbekistan,UZB,1980,147704
Uzbekistan,UZB,1975,138830
Uzbekistan,UZB,1970,131692
Uzbekistan,UZB,1965,131219
Uzbekistan,UZB,1960,125433
Uzbekistan,UZB,1955,112470
Yemen,YEM,2023,223914
Yemen,YEM,2022,230064
Yemen,YEM,2020,210426
Yemen,YEM,2015,175134
Yemen,YEM,2010,138724
Yemen,YEM,2005,136925
Yemen,YEM,2000,148282
Yemen,YEM,1995,155545
Yemen,YEM,1990,149896
Yemen,YEM,1985,150161
Yemen,YEM,1980,162364
Yemen,YEM,1975,174116
Yemen,YEM,1970,181941
Yemen,YEM,1965,192675
Yemen,YEM,1960,183430
Yemen,YEM,1955,174542
Peru,PER,2023,196934
Peru,PER,2022,255755
Peru,PER,2020,243717
Peru,PER,2015,197692
Peru,PER,2010,202144
Peru,PER,2005,169011
Peru,PER,2000,154375
Peru,PER,1995,154011
Peru,PER,1990,160277
Peru,PER,1985,184335
Peru,PER,1980,193033
Peru,PER,1975,189496
Peru,PER,1970,254397
Peru,PER,1965,182669
Peru,PER,1960,175308
Peru,PER,1955,169824
Malaysia,MYS,2023,189309
Malaysia,MYS,2022,184580
Malaysia,MYS,2020,176170
Malaysia,MYS,2015,158136
Malaysia,MYS,2010,143564
Malaysia,MYS,2005,116415
Malaysia,MYS,2000,104767
Malaysia,MYS,1995,90295
Malaysia,MYS,1990,81367
Malaysia,MYS,1985,72387
Malaysia,MYS,1980,70452
Malaysia,MYS,1975,70988
Malaysia,MYS,1970,73054
Malaysia,MYS,1965,75120
Malaysia,MYS,1960,88938
Malaysia,MYS,1955,106240
Ghana,GHA,2023,250410
Ghana,GHA,2022,253955
Ghana,GHA,2020,239693
Ghana,GHA,2015,224502
Ghana,GHA,2010,220690
Ghana,GHA,2005,208014
Ghana,GHA,2000,195201
Ghana,GHA,1995,186417
Ghana,GHA,1990,177795
Ghana,GHA,1985,189115
Ghana,GHA,1980,179403
Ghana,GHA,1975,167687
Ghana,GHA,1970,163373
Ghana,GHA,1965,146189
Ghana,GHA,1960,131212
Ghana,GHA,1955,122244
Mozambique,MOZ,2023,249373
Mozambique,MOZ,2022,283950
Mozambique,MOZ,2020,249559
Mozambique,MOZ,2015,255083
Mozambique,MOZ,2010,274867
Mozambique,MOZ,2005,278369
Mozambique,MOZ,2000,279069
Mozambique,MOZ,1995,286768
Mozambique,MOZ,1990,267567
Mozambique,MOZ,1985,313280
Mozambique,MOZ,1980,251266
Mozambique,MOZ,1975,210861
Mozambique,MOZ,1970,189632
Mozambique,MOZ,1965,171814
Mozambique,MOZ,1960,157926
Mozambique,MOZ,1955,157596
Nepal,NPL,2023,204545
Nepal,NPL,2022,203387
Nepal,NPL,2020,210466
Nepal,NPL,2015,204456
Nepal,NPL,2010,190785
Nepal,NPL,2005,188292
Nepal,NPL,2000,204297
Nepal,NPL,1995,225945
Nepal,NPL,1990,248380
Nepal,NPL,1985,266345
Nepal,NPL,1980,268943
Nepal,NPL,1975,269064
Nepal,NPL,1970,264861
Nepal,NPL,1965,261291
Nepal,NPL,1960,252886
Nepal,NPL,1955,237869
Niger,NER,2023,204441
Niger,NER,2022,205414
Niger,NER,2020,201622
Niger,NER,2015,177125
Niger,NER,2010,176396
Niger,NER,2005,193016
Niger,NER,2000,202722
Niger,NER,1995,201428
Niger,NER,1990,201502
Niger,NER,1985,185651
Niger,NER,1980,157217
Niger,NER,1975,147863
Niger,NER,1970,130478
Niger,NER,1965,110486
Niger,NER,1960,96484
Niger,NER,1955,83534
Australia,AUS,2023,180623
Australia,AUS,2022,177939
Australia,AUS,2020,162601
Australia,AUS,2015,157076
Australia,AUS,2010,142544
Australia,AUS,2005,131515
Australia,AUS,2000,128647
Australia,AUS,1995,125081
Australia,AUS,1990,118778
Australia,AUS,1985,117607
Australia,AUS,1980,108144
Australia,AUS,1975,108707
Australia,AUS,1970,112806
Australia,AUS,1965,100081
Australia,AUS,1960,88303
Australia,AUS,1955,81870
North Korea,PRK,2023,248321
North Korea,PRK,2022,243813
North Korea,PRK,2020,234829
North Korea,PRK,2015,204324
North Korea,PRK,2010,214964
North Korea,PRK,2005,204865
North Korea,PRK,2000,251475
North Korea,PRK,1995,220623
North Korea,PRK,1990,116050
North Korea,PRK,1985,110871
North Korea,PRK,1980,113611
North Korea,PRK,1975,121147
North Korea,PRK,1970,133692
North Korea,PRK,1965,141109
North Korea,PRK,1960,138839
North Korea,PRK,1955,138391
Taiwan,TWN,2023,182090
Taiwan,TWN,2022,179016
Taiwan,TWN,2020,172149
Taiwan,TWN,2015,159321
Taiwan,TWN,2010,145178
Taiwan,TWN,2005,140688
Taiwan,TWN,2000,126381
Taiwan,TWN,1995,120230
Taiwan,TWN,1990,104626
Taiwan,TWN,1985,90317
Taiwan,TWN,1980,82177
Taiwan,TWN,1975,71827
Taiwan,TWN,1970,67592
Taiwan,TWN,1965,71712
Taiwan,TWN,1960,78134
Taiwan,TWN,1955,83967
Mali,MLI,2023,179350
Mali,MLI,2022,173067
Mali,MLI,2020,202371
Mali,MLI,2015,185256
Mali,MLI,2010,183696
Mali,MLI,2005,180345
Mali,MLI,2000,179831
Mali,MLI,1995,179350
Mali,MLI,1990,173067
Mali,MLI,1985,183021
Mali,MLI,1980,182308
Mali,MLI,1975,191635
Mali,MLI,1970,198472
Mali,MLI,1965,195475
Mali,MLI,1960,187194
Mali,MLI,1955,179901
Syria,SYR,2023,115683
Syria,SYR,2022,109839
Syria,SYR,2020,103032
Syria,SYR,2015,143047
Syria,SYR,2010,82765
Syria,SYR,2005,72918
Syria,SYR,2000,72012
Syria,SYR,1995,64499
Syria,SYR,1990,59390
Syria,SYR,1985,57228
Syria,SYR,1980,60019
Syria,SYR,1975,63220
Syria,SYR,1970,66730
Syria,SYR,1965,70305
Syria,SYR,1960,75233
Syria,SYR,1955,85096
Sri Lanka,LKA,2023,162146
Sri Lanka,LKA,2022,159362
Sri Lanka,LKA,2020,153533
Sri Lanka,LKA,2015,149258
Sri Lanka,LKA,2010,152389
Sri Lanka,LKA,2005,147508
Sri Lanka,LKA,2000,152525
Sri Lanka,LKA,1995,115531
Sri Lanka,LKA,1990,102009
Sri Lanka,LKA,1985,93921
Sri Lanka,LKA,1980,96865
Sri Lanka,LKA,1975,98258
Sri Lanka,LKA,1970,94057
Sri Lanka,LKA,1965,101633
Sri Lanka,LKA,1960,108578
Sri Lanka,LKA,1955,131593
Malawi,MWI,2023,138236
Malawi,MWI,2022,141532
Malawi,MWI,2020,129975
Malawi,MWI,2015,135632
Malawi,MWI,2010,168031
Malawi,MWI,2005,186932
Malawi,MWI,2000,219949
Malawi,MWI,1995,206334
Malawi,MWI,1990,209951
Malawi,MWI,1985,164379
Malawi,MWI,1980,133648
Malawi,MWI,1975,132873
Malawi,MWI,1970,132621
Malawi,MWI,1965,121107
Malawi,MWI,1960,107715
Malawi,MWI,1955,98767
Romania,ROU,2023,290851
Romania,ROU,2022,251948
Romania,ROU,2020,281742
Romania,ROU,2015,265287
Romania,ROU,2010,250707
Romania,ROU,2005,290851
Romania,ROU,2000,251948
Romania,ROU,1995,268467
Romania,ROU,1990,249826
Romania,ROU,1985,251980
Romania,ROU,1980,237529
Romania,ROU,1975,204478
Romania,ROU,1970,198201
Romania,ROU,1965,163997
Romania,ROU,1960,162724
Romania,ROU,1955,192845
Chile,CHL,2023,75067
Chile,CHL,2022,70728
Chile,CHL,2020,139021
Chile,CHL,2015,109199
Chile,CHL,2010,101306
Chile,CHL,2005,85697
Chile,CHL,2000,76110
Chile,CHL,1995,77134
Chile,CHL,1990,75067
Chile,CHL,1985,70728
Chile,CHL,1980,71346
Chile,CHL,1975,72516
Chile,CHL,1970,82292
Chile,CHL,1965,87919
Chile,CHL,1960,89653
Chile,CHL,1955,90942
Kazakhstan,KAZ,2023,183014
Kazakhstan,KAZ,2022,197515
Kazakhstan,KAZ,2020,179002
Kazakhstan,KAZ,2015,147198
Kazakhstan,KAZ,2010,155171
Kazakhstan,KAZ,2005,167065
Kazakhstan,KAZ,2000,159320
Kazakhstan,KAZ,1995,164021
Kazakhstan,KAZ,1990,153746
Kazakhstan,KAZ,1985,145286
Kazakhstan,KAZ,1980,138689
Kazakhstan,KAZ,1975,129600
Kazakhstan,KAZ,1970,126643
Kazakhstan,KAZ,1965,121495
Kazakhstan,KAZ,1960,118426
Kazakhstan,KAZ,1955,107964
Somalia,SOM,2023,187927
Somalia,SOM,2022,194003
Somalia,SOM,2020,188459
Somalia,SOM,2015,171470
Somalia,SOM,2010,185415
Somalia,SOM,2005,163301
Somalia,SOM,2000,137220
Somalia,SOM,1995,113099
Somalia,SOM,1990,128309
Somalia,SOM,1985,116889
Somalia,SOM,1980,106331
Somalia,SOM,1975,86447
Somalia,SOM,1970,71911
Somalia,SOM,1965,65840
Somalia,SOM,1960,60662
Somalia,SOM,1955,55877
Netherlands,NLD,2023,158788
Netherlands,NLD,2022,156455
Netherlands,NLD,2020,167303
Netherlands,NLD,2015,147236
Netherlands,NLD,2010,136078
Netherlands,NLD,2005,136356
Netherlands,NLD,2000,140526
Netherlands,NLD,1995,135491
Netherlands,NLD,1990,128841
Netherlands,NLD,1985,122765
Netherlands,NLD,1980,114160
Netherlands,NLD,1975,113541
Netherlands,NLD,1970,109491
Netherlands,NLD,1965,97895
Netherlands,NLD,1960,87757
Netherlands,NLD,1955,81741
Cambodia,KHM,2023,120830
Cambodia,KHM,2022,108792
Cambodia,KHM,2020,102187
Cambodia,KHM,2015,89724
Cambodia,KHM,2010,88051
Cambodia,KHM,2005,93326
Cambodia,KHM,2000,112381
Cambodia,KHM,1995,120830
Cambodia,KHM,1990,108792
Cambodia,KHM,1985,112544
Cambodia,KHM,1980,103759
Cambodia,KHM,1975,578219
Cambodia,KHM,1970,153686
Cambodia,KHM,1965,114519
Cambodia,KHM,1960,116133
Cambodia,KHM,1955,114125
Zimbabwe,ZWE,2023,200034
Zimbabwe,ZWE,2022,141216
Zimbabwe,ZWE,2020,127551
Zimbabwe,ZWE,2015,124445
Zimbabwe,ZWE,2010,171444
Zimbabwe,ZWE,2005,206992
Zimbabwe,ZWE,2000,200034
Zimbabwe,ZWE,1995,141216
Zimbabwe,ZWE,1990,88462
Zimbabwe,ZWE,1985,73793
Zimbabwe,ZWE,1980,75903
Zimbabwe,ZWE,1975,69080
Zimbabwe,ZWE,1970,59680
Zimbabwe,ZWE,1965,55967
Zimbabwe,ZWE,1960,54201
Zimbabwe,ZWE,1955,51336
Guinea,GIN,2023,119644
Guinea,GIN,2022,124005
Guinea,GIN,2020,130060
Guinea,GIN,2015,124525
Guinea,GIN,2010,120051
Guinea,GIN,2005,119644
Guinea,GIN,2000,124005
Guinea,GIN,1995,127618
Guinea,GIN,1990,122840
Guinea,GIN,1985,114369
Guinea,GIN,1980,112407
Guinea,GIN,1975,111625
Guinea,GIN,1970,108263
Guinea,GIN,1965,104229
Guinea,GIN,1960,99852
Guinea,GIN,1955,94244
Tunisia,TUN,2023,74918
Tunisia,TUN,2022,93918
Tunisia,TUN,2020,82136
Tunisia,TUN,2015,67233
Tunisia,TUN,2010,58150
Tunisia,TUN,2005,51368
Tunisia,TUN,2000,47265
Tunisia,TUN,1995,46291
Tunisia,TUN,1990,46403
Tunisia,TUN,1985,48438
Tunisia,TUN,1980,51880
Tunisia,TUN,1975,58344
Tunisia,TUN,1970,68385
Tunisia,TUN,1965,80226
Tunisia,TUN,1960,91090
Tunisia,TUN,1955,98400
Bolivia,BOL,2023,82300
Bolivia,BOL,2022,110787
Bolivia,BOL,2020,111027
Bolivia,BOL,2015,80069
Bolivia,BOL,2010,78359
Bolivia,BOL,2005,80281
Bolivia,BOL,2000,84517
Bolivia,BOL,1995,83440
Bolivia,BOL,1990,84760
Bolivia,BOL,1985,88150
Bolivia,BOL,1980,88850
Bolivia,BOL,1975,89002
Bolivia,BOL,1970,88623
Bolivia,BOL,1965,87335
Bolivia,BOL,1960,85203
Bolivia,BOL,1955,82129
Belgium,BEL,2023,110911
Belgium,BEL,2022,110497
Belgium,BEL,2020,127440
Belgium,BEL,2015,110843
Belgium,BEL,2010,105369
Belgium,BEL,2005,103473
Belgium,BEL,2000,105330
Belgium,BEL,1995,105084
Belgium,BEL,1990,104342
Belgium,BEL,1985,111917
Belgium,BEL,1980,113796
Belgium,BEL,1975,119536
Belgium,BEL,1970,118888
Belgium,BEL,1965,115216
Belgium,BEL,1960,114030
Belgium,BEL,1955,108704
Jordan,JOR,2023,42813
Jordan,JOR,2022,44937
Jordan,JOR,2020,37948
Jordan,JOR,2015,29297
Jordan,JOR,2010,24977
Jordan,JOR,2005,20694
Jordan,JOR,2000,18876
Jordan,JOR,1995,17752
Jordan,JOR,1990,14982
Jordan,JOR,1985,13885
Jordan,JOR,1980,13629
Jordan,JOR,1975,14364
Jordan,JOR,1970,15584
Jordan,JOR,1965,13236
Jordan,JOR,1960,13232
Jordan,JOR,1955,12287
Cuba,CUB,2023,111640
Cuba,CUB,2022,110485
Cuba,CUB,2020,115622
Cuba,CUB,2015,102842
Cuba,CUB,2010,93794
Cuba,CUB,2005,87791
Cuba,CUB,2000,80523
Cuba,CUB,1995,80081
Cuba,CUB,1990,72753
Cuba,CUB,1985,65321
Cuba,CUB,1980,61528
Cuba,CUB,1975,57760
Cuba,CUB,1970,61675
Cuba,CUB,1965,63740
Cuba,CUB,1960,62845
Cuba,CUB,1955,61644
Sweden,SWE,2023,91557
Sweden,SWE,2022,90728
Sweden,SWE,2020,98316
Sweden,SWE,2015,90926
Sweden,SWE,2010,90603
Sweden,SWE,2005,91915
Sweden,SWE,2000,93378
Sweden,SWE,1995,93849
Sweden,SWE,1990,95127
Sweden,SWE,1985,94119
Sweden,SWE,1980,91785
Sweden,SWE,1975,88206
Sweden,SWE,1970,80035
Sweden,SWE,1965,78217
Sweden,SWE,1960,75085
Sweden,SWE,1955,68704
Czechia,CZE,2023,112100
Czechia,CZE,2022,130607
Czechia,CZE,2020,124567
Czechia,CZE,2015,111161
Czechia,CZE,2010,106641
Czechia,CZE,2005,107837
Czechia,CZE,2000,108910
Czechia,CZE,1995,117713
Czechia,CZE,1990,129149
Czechia,CZE,1985,131545
Czechia,CZE,1980,135471
Czechia,CZE,1975,124394
Czechia,CZE,1970,123547
Czechia,CZE,1965,104968
Czechia,CZE,1960,93804
Czechia,CZE,1955,93280
Azerbaijan,AZE,2023,68264
Azerbaijan,AZE,2022,66736
Azerbaijan,AZE,2020,110160
Azerbaijan,AZE,2015,66978
Azerbaijan,AZE,2010,66211
Azerbaijan,AZE,2005,63555
Azerbaijan,AZE,2000,63647
Azerbaijan,AZE,1995,72552
Azerbaijan,AZE,1990,71512
Azerbaijan,AZE,1985,67333
Azerbaijan,AZE,1980,62511
Azerbaijan,AZE,1975,54781
Azerbaijan,AZE,1970,55635
Azerbaijan,AZE,1965,59887
Azerbaijan,AZE,1960,61699
Azerbaijan,AZE,1955,57797
Greece,GRC,2023,119187
Greece,GRC,2022,131429
Greece,GRC,2020,125443
Greece,GRC,2015,119604
Greece,GRC,2010,110125
Greece,GRC,2005,106968
Greece,GRC,2000,107513
Greece,GRC,1995,101651
Greece,GRC,1990,94524
Greece,GRC,1985,90168
Greece,GRC,1980,89568
Greece,GRC,1975,86152
Greece,GRC,1970,79732
Greece,GRC,1965,76504
Greece,GRC,1960,77640
Greece,GRC,1955,75348
Papua New Guinea,PNG,2023,66827
Papua New Guinea,PNG,2022,65511
Papua New Guinea,PNG,2020,62383
Papua New Guinea,PNG,2015,57075
Papua New Guinea,PNG,2010,53926
Papua New Guinea,PNG,2005,48983
Papua New Guinea,PNG,2000,41006
Papua New Guinea,PNG,1995,35019
Papua New Guinea,PNG,1990,31374
Papua New Guinea,PNG,1985,29229
Papua New Guinea,PNG,1980,27910
Papua New Guinea,PNG,1975,28886
Papua New Guinea,PNG,1970,30887
Papua New Guinea,PNG,1965,32742
Papua New Guinea,PNG,1960,33558
Papua New Guinea,PNG,1955,33634
Portugal,PRT,2023,113264
Portugal,PRT,2022,112744
Portugal,PRT,2020,123874
Portugal,PRT,2015,108687
Portugal,PRT,2010,105946
Portugal,PRT,2005,107398
Portugal,PRT,2000,105056
Portugal,PRT,1995,103213
Portugal,PRT,1990,102607
Portugal,PRT,1985,96838
Portugal,PRT,1980,94470
Portugal,PRT,1975,97650
Portugal,PRT,1970,94520
Portugal,PRT,1965,95163
Portugal,PRT,1960,96233
Portugal,PRT,1955,99740
Hungary,HUN,2023,127747
Hungary,HUN,2022,149893
Hungary,HUN,2020,140677
Hungary,HUN,2015,131660
Hungary,HUN,2010,130270
Hungary,HUN,2005,135656
Hungary,HUN,2000,135541
Hungary,HUN,1995,145155
Hungary,HUN,1990,145500
Hungary,HUN,1985,147770
Hungary,HUN,1980,145342
Hungary,HUN,1975,131022
Hungary,HUN,1970,120139
Hungary,HUN,1965,108136
Hungary,HUN,1960,101504
Hungary,HUN,1955,97477
Tajikistan,TJK,2023,47579
Tajikistan,TJK,2022,46771
Tajikistan,TJK,2020,58418
Tajikistan,TJK,2015,46344
Tajikistan,TJK,2010,45345
Tajikistan,TJK,2005,42465
Tajikistan,TJK,2000,47362
Tajikistan,TJK,1995,59438
Tajikistan,TJK,1990,52655
Tajikistan,TJK,1985,48437
Tajikistan,TJK,1980,44187
Tajikistan,TJK,1975,39433
Tajikistan,TJK,1970,38740
Tajikistan,TJK,1965,37686
Tajikistan,TJK,1960,35437
Tajikistan,TJK,1955,30457
United Arab Emirates,ARE,2023,16075
United Arab Emirates,ARE,2022,17609
United Arab Emirates,ARE,2020,16406
United Arab Emirates,ARE,2015,9044
United Arab Emirates,ARE,2010,6755
United Arab Emirates,ARE,2005,6429
United Arab Emirates,ARE,2000,6762
United Arab Emirates,ARE,1995,6148
United Arab Emirates,ARE,1990,5054
United Arab Emirates,ARE,1985,4232
United Arab Emirates,ARE,1980,3812
United Arab Emirates,ARE,1975,2952
United Arab Emirates,ARE,1970,2138
United Arab Emirates,ARE,1965,2030
United Arab Emirates,ARE,1960,2043
United Arab Emirates,ARE,1955,1929
Belarus,BLR,2023,125412
Belarus,BLR,2022,147458
Belarus,BLR,2020,159349
Belarus,BLR,2015,127107
Belarus,BLR,2010,144325
Belarus,BLR,2005,148151
Belarus,BLR,2000,138003
Belarus,BLR,1995,131378
Belarus,BLR,1990,117128
Belarus,BLR,1985,107721
Belarus,BLR,1980,96004
Belarus,BLR,1975,83110
Belarus,BLR,1970,72768
Belarus,BLR,1965,65200
Belarus,BLR,1960,65165
Belarus,BLR,1955,86190
Israel,ISR,2023,37354
Israel,ISR,2022,35174
Israel,ISR,2020,48137
Israel,ISR,2015,43451
Israel,ISR,2010,39199
Israel,ISR,2005,38796
Israel,ISR,2000,37354
Israel,ISR,1995,35174
Israel,ISR,1990,29648
Israel,ISR,1985,28075
Israel,ISR,1980,26150
Israel,ISR,1975,24247
Israel,ISR,1970,20410
Israel,ISR,1965,15443
Israel,ISR,1960,12198
Israel,ISR,1955,10401
Austria,AUT,2023,89636
Austria,AUT,2022,92469
Austria,AUT,2020,90324
Austria,AUT,2015,83022
Austria,AUT,2010,77136
Austria,AUT,2005,75138
Austria,AUT,2000,76836
Austria,AUT,1995,81193
Austria,AUT,1990,82940
Austria,AUT,1985,89636
Austria,AUT,1980,92469
Austria,AUT,1975,96106
Austria,AUT,1970,98757
Austria,AUT,1965,94213
Austria,AUT,1960,89658
Austria,AUT,1955,85146
Switzerland,CHE,2023,70610
Switzerland,CHE,2022,69565
Switzerland,CHE,2020,75992
Switzerland,CHE,2015,67634
Switzerland,CHE,2010,62650
Switzerland,CHE,2005,61062
Switzerland,CHE,2000,62523
Switzerland,CHE,1995,63386
Switzerland,CHE,1990,63756
Switzerland,CHE,1985,59536
Switzerland,CHE,1980,59070
Switzerland,CHE,1975,55947
Switzerland,CHE,1970,57071
Switzerland,CHE,1965,55500
Switzerland,CHE,1960,52093
Switzerland,CHE,1955,50266
Laos,LAO,2023,46924
Laos,LAO,2022,46673
Laos,LAO,2020,46627
Laos,LAO,2015,51051
Laos,LAO,2010,50757
Laos,LAO,2005,55012
Laos,LAO,2000,55867
Laos,LAO,1995,56959
Laos,LAO,1990,58480
Laos,LAO,1985,57356
Laos,LAO,1980,57227
Laos,LAO,1975,57388
Laos,LAO,1970,55040
Laos,LAO,1965,51523
Laos,LAO,1960,48138
Laos,LAO,1955,44554
Serbia,SRB,2023,119335
Serbia,SRB,2022,137003
Serbia,SRB,2020,120926
Serbia,SRB,2015,104426
Serbia,SRB,2010,104418
Serbia,SRB,2005,104725
Serbia,SRB,2000,99844
Serbia,SRB,1995,85738
Serbia,SRB,1990,87767
Serbia,SRB,1985,86457
Serbia,SRB,1980,75964
Serbia,SRB,1975,66863
Serbia,SRB,1970,64669
Serbia,SRB,1965,60081
Serbia,SRB,1960,58143
Serbia,SRB,1955,70403
Kyrgyzstan,KGZ,2023,37603
Kyrgyzstan,KGZ,2022,36631
Kyrgyzstan,KGZ,2020,41180
Kyrgyzstan,KGZ,2015,36301
Kyrgyzstan,KGZ,2010,38015
Kyrgyzstan,KGZ,2005,39209
Kyrgyzstan,KGZ,2000,38037
Kyrgyzstan,KGZ,1995,39435
Kyrgyzstan,KGZ,1990,39099
Kyrgyzstan,KGZ,1985,37603
Kyrgyzstan,KGZ,1980,36631
Kyrgyzstan,KGZ,1975,36572
Kyrgyzstan,KGZ,1970,36249
Kyrgyzstan,KGZ,1965,36589
Kyrgyzstan,KGZ,1960,35981
Kyrgyzstan,KGZ,1955,34444
Bulgaria,BGR,2023,125462
Bulgaria,BGR,2022,126008
Bulgaria,BGR,2020,131998
Bulgaria,BGR,2015,116272
Bulgaria,BGR,2010,116301
Bulgaria,BGR,2005,121129
Bulgaria,BGR,2000,125462
Bulgaria,BGR,1995,126008
Bulgaria,BGR,1990,117953
Bulgaria,BGR,1985,114658
Bulgaria,BGR,1980,102637
Bulgaria,BGR,1975,92583
Bulgaria,BGR,1970,78240
Bulgaria,BGR,1965,67001
Bulgaria,BGR,1960,64188
Bulgaria,BGR,1955,69910
Turkmenistan,TKM,2023,28153
Turkmenistan,TKM,2022,27088
Turkmenistan,TKM,2020,42735
Turkmenistan,TKM,2015,37687
Turkmenistan,TKM,2010,33638
Turkmenistan,TKM,2005,33597
Turkmenistan,TKM,2000,31782
Turkmenistan,TKM,1995,32913
Turkmenistan,TKM,1990,30709
Turkmenistan,TKM,1985,30297
Turkmenistan,TKM,1980,28153
Turkmenistan,TKM,1975,27088
Turkmenistan,TKM,1970,26728
Turkmenistan,TKM,1965,27693
Turkmenistan,TKM,1960,27261
Turkmenistan,TKM,1955,24801
Congo,COG,2023,21039
Congo,COG,2022,20471
Congo,COG,2020,39496
Congo,COG,2015,36512
Congo,COG,2010,36018
Congo,COG,2005,35929
Congo,COG,2000,37765
Congo,COG,1995,33677
Congo,COG,1990,26594
Congo,COG,1985,21846
Congo,COG,1980,21039
Congo,COG,1975,20471
Congo,COG,1970,19242
Congo,COG,1965,18571
Congo,COG,1960,18597
Congo,COG,1955,19452
Denmark,DNK,2023,60987
Denmark,DNK,2022,58521
Denmark,DNK,2020,54744
Denmark,DNK,2015,52741
Denmark,DNK,2010,54269
Denmark,DNK,2005,54995
Denmark,DNK,2000,58026
Denmark,DNK,1995,63115
Denmark,DNK,1990,60987
Denmark,DNK,1985,58521
Denmark,DNK,1980,56023
Denmark,DNK,1975,50903
Denmark,DNK,1970,48322
Denmark,DNK,1965,47929
Denmark,DNK,1960,43740
Denmark,DNK,1955,38811
Slovakia,SVK,2023,50604
Slovakia,SVK,2022,45281
Slovakia,SVK,2020,59217
Slovakia,SVK,2015,53749
Slovakia,SVK,2010,53387
Slovakia,SVK,2005,53452
Slovakia,SVK,2000,52743
Slovakia,SVK,1995,52630
Slovakia,SVK,1990,54643
Slovakia,SVK,1985,52482
Slovakia,SVK,1980,50604
Slovakia,SVK,1975,45281
Slovakia,SVK,1970,42219
Slovakia,SVK,1965,35894
Slovakia,SVK,1960,31645
Slovakia,SVK,1955,32912
Finland,FIN,2023,56640
Finland,FIN,2022,56171
Finland,FIN,2020,55208
Finland,FIN,2015,52187
Finland,FIN,2010,50864
Finland,FIN,2005,47902
Finland,FIN,2000,49361
Finland,FIN,1995,49182
Finland,FIN,1990,50055
Finland,FIN,1985,48140
Finland,FIN,1980,44344
Finland,FIN,1975,43848
Finland,FIN,1970,44114
Finland,FIN,1965,44446
Finland,FIN,1960,39808
Finland,FIN,1955,39567
Norway,NOR,2023,42380
Norway,NOR,2022,41989
Norway,NOR,2020,40578
Norway,NOR,2015,40759
Norway,NOR,2010,41415
Norway,NOR,2005,41211
Norway,NOR,2000,44011
Norway,NOR,1995,45197
Norway,NOR,1990,46049
Norway,NOR,1985,44331
Norway,NOR,1980,41326
Norway,NOR,1975,40028
Norway,NOR,1970,38681
Norway,NOR,1965,35290
Norway,NOR,1960,32487
Norway,NOR,1955,29122
Palestine,PSE,2023,19472
Palestine,PSE,2022,20244
Palestine,PSE,2020,17535
Palestine,PSE,2015,14860
Palestine,PSE,2010,13961
Palestine,PSE,2005,12683
Palestine,PSE,2000,12519
Palestine,PSE,1995,11262
Palestine,PSE,1990,10781
Palestine,PSE,1985,10906
Palestine,PSE,1980,11689
Palestine,PSE,1975,12936
Palestine,PSE,1970,14193
Palestine,PSE,1965,17725
Palestine,PSE,1960,19304
Palestine,PSE,1955,19909
Lebanon,LBN,2023,30009
Lebanon,LBN,2022,18757
Lebanon,LBN,2020,35782
Lebanon,LBN,2015,27578
Lebanon,LBN,2010,20403
Lebanon,LBN,2005,19308
Lebanon,LBN,2000,19674
Lebanon,LBN,1995,19666
Lebanon,LBN,1990,28226
Lebanon,LBN,1985,31213
Lebanon,LBN,1980,30740
Lebanon,LBN,1975,30009
Lebanon,LBN,1970,18757
Lebanon,LBN,1965,18045
Lebanon,LBN,1960,17692
Lebanon,LBN,1955,18194
New Zealand,NZL,2023,28465
New Zealand,NZL,2022,27120
New Zealand,NZL,2020,32068
New Zealand,NZL,2015,30037
New Zealand,NZL,2010,28465
New Zealand,NZL,2005,27120
New Zealand,NZL,2000,26649
New Zealand,NZL,1995,27790
New Zealand,NZL,1990,26423
New Zealand,NZL,1985,27480
New Zealand,NZL,1980,26586
New Zealand,NZL,1975,25119
New Zealand,NZL,1970,24840
New Zealand,NZL,1965,22949
New Zealand,NZL,1960,20901
New Zealand,NZL,1955,19203
Ireland,IRL,2023,33510
Ireland,IRL,2022,33121
Ireland,IRL,2020,32911
Ireland,IRL,2015,29845
Ireland,IRL,2010,27707
Ireland,IRL,2005,27991
Ireland,IRL,2000,31096
Ireland,IRL,1995,31992
Ireland,IRL,1990,31140
Ireland,IRL,1985,33010
Ireland,IRL,1980,33260
Ireland,IRL,1975,33103
Ireland,IRL,1970,33550
Ireland,IRL,1965,32982
Ireland,IRL,1960,32676
Ireland,IRL,1955,36973
Croatia,HRV,2023,53395
Croatia,HRV,2022,53542
Croatia,HRV,2020,59705
Croatia,HRV,2015,56685
Croatia,HRV,2010,53905
Croatia,HRV,2005,53686
Croatia,HRV,2000,52570
Croatia,HRV,1995,53878
Croatia,HRV,1990,54170
Croatia,HRV,1985,54167
Croatia,HRV,1980,51989
Croatia,HRV,1975,44365
Croatia,HRV,1970,43630
Croatia,HRV,1965,41124
Croatia,HRV,1960,42811
Croatia,HRV,1955,48127
Georgia,GEO,2023,52103
Georgia,GEO,2022,56971
Georgia,GEO,2020,52643
Georgia,GEO,2015,47346
Georgia,GEO,2010,47530
Georgia,GEO,2005,45517
Georgia,GEO,2000,48466
Georgia,GEO,1995,52226
Georgia,GEO,1990,57177
Georgia,GEO,1985,53035
Georgia,GEO,1980,51753
Georgia,GEO,1975,49996
Georgia,GEO,1970,50511
Georgia,GEO,1965,49082
Georgia,GEO,1960,51290
Georgia,GEO,1955,53276
Mongolia,MNG,2023,18915
Mongolia,MNG,2022,18619
Mongolia,MNG,2020,18030
Mongolia,MNG,2015,18252
Mongolia,MNG,2010,18202
Mongolia,MNG,2005,17915
Mongolia,MNG,2000,18069
Mongolia,MNG,1995,20153
Mongolia,MNG,1990,22707
Mongolia,MNG,1985,23640
Mongolia,MNG,1980,22710
Mongolia,MNG,1975,20911
Mongolia,MNG,1970,21989
Mongolia,MNG,1965,23467
Mongolia,MNG,1960,23327
Mongolia,MNG,1955,21512
Albania,ALB,2023,29244
Albania,ALB,2022,31863
Albania,ALB,2020,30970
Albania,ALB,2015,22954
Albania,ALB,2010,20583
Albania,ALB,2005,19280
Albania,ALB,2000,18628
Albania,ALB,1995,18402
Albania,ALB,1990,18349
Albania,ALB,1985,18453
Albania,ALB,1980,17822
Albania,ALB,1975,18898
Albania,ALB,1970,20896
Albania,ALB,1965,24313
Albania,ALB,1960,28400
Albania,ALB,1955,30230
Jamaica,JAM,2023,17118
Jamaica,JAM,2022,16566
Jamaica,JAM,2020,21386
Jamaica,JAM,2015,18631
Jamaica,JAM,2010,16494
Jamaica,JAM,2005,17869
Jamaica,JAM,2000,18061
Jamaica,JAM,1995,17802
Jamaica,JAM,1990,16496
Jamaica,JAM,1985,17305
Jamaica,JAM,1980,17118
Jamaica,JAM,1975,16566
Jamaica,JAM,1970,15848
Jamaica,JAM,1965,14976
Jamaica,JAM,1960,14655
Jamaica,JAM,1955,15620
Armenia,ARM,2023,27303
Armenia,ARM,2022,26411
Armenia,ARM,2020,35963
Armenia,ARM,2015,27774
Armenia,ARM,2010,27794
Armenia,ARM,2005,27303
Armenia,ARM,2000,26411
Armenia,ARM,1995,26667
Armenia,ARM,1990,26756
Armenia,ARM,1985,25191
Armenia,ARM,1980,24554
Armenia,ARM,1975,22668
Armenia,ARM,1970,21441
Armenia,ARM,1965,21915
Armenia,ARM,1960,23160
Armenia,ARM,1955,21166
Botswana,BWA,2023,8285
Botswana,BWA,2022,7843
Botswana,BWA,2020,17690
Botswana,BWA,2015,17131
Botswana,BWA,2010,18664
Botswana,BWA,2005,23765
Botswana,BWA,2000,22623
Botswana,BWA,1995,16312
Botswana,BWA,1990,10697
Botswana,BWA,1985,8493
Botswana,BWA,1980,8285
Botswana,BWA,1975,7843
Botswana,BWA,1970,7803
Botswana,BWA,1965,8461
Botswana,BWA,1960,8638
Botswana,BWA,1955,8719
Namibia,NAM,2023,25483
Namibia,NAM,2022,23098
Namibia,NAM,2020,21112
Namibia,NAM,2015,20761
Namibia,NAM,2010,23276
Namibia,NAM,2005,25483
Namibia,NAM,2000,23098
Namibia,NAM,1995,15260
Namibia,NAM,1990,11371
Namibia,NAM,1985,11049
Namibia,NAM,1980,11440
Namibia,NAM,1975,10850
Namibia,NAM,1970,10772
Namibia,NAM,1965,10570
Namibia,NAM,1960,10801
Namibia,NAM,1955,11352
Latvia,LVA,2023,35984
Latvia,LVA,2022,34983
Latvia,LVA,2020,30538
Latvia,LVA,2015,29737
Latvia,LVA,2010,31115
Latvia,LVA,2005,34053
Latvia,LVA,2000,33223
Latvia,LVA,1995,40064
Latvia,LVA,1990,35984
Latvia,LVA,1985,34983
Latvia,LVA,1980,32764
Latvia,LVA,1975,30575
Latvia,LVA,1970,27176
Latvia,LVA,1965,23366
Latvia,LVA,1960,21590
Latvia,LVA,1955,21813
Mauritius,MUS,2023,9040
Mauritius,MUS,2022,8652
Mauritius,MUS,2020,11243
Mauritius,MUS,2015,9803
Mauritius,MUS,2010,9040
Mauritius,MUS,2005,8652
Mauritius,MUS,2000,8037
Mauritius,MUS,1995,7591
Mauritius,MUS,1990,7241
Mauritius,MUS,1985,7253
Mauritius,MUS,1980,7025
Mauritius,MUS,1975,7773
Mauritius,MUS,1970,7456
Mauritius,MUS,1965,7555
Mauritius,MUS,1960,8348
Mauritius,MUS,1955,8238
Cyprus,CYP,2023,6957
Cyprus,CYP,2022,6547
Cyprus,CYP,2020,8566
Cyprus,CYP,2015,7534
Cyprus,CYP,2010,7205
Cyprus,CYP,2005,7099
Cyprus,CYP,2000,7026
Cyprus,CYP,1995,6918
Cyprus,CYP,1990,6957
Cyprus,CYP,1985,6547
Cyprus,CYP,1980,6135
Cyprus,CYP,1975,6109
Cyprus,CYP,1970,5870
Cyprus,CYP,1965,5497
Cyprus,CYP,1960,5853
Cyprus,CYP,1955,6112
Fiji,FJI,2023,6476
Fiji,FJI,2022,6047
Fiji,FJI,2020,7458
Fiji,FJI,2015,7428
Fiji,FJI,2010,6476
Fiji,FJI,2005,6047
Fiji,FJI,2000,5396
Fiji,FJI,1995,4784
Fiji,FJI,1990,4839
Fiji,FJI,1985,4669
Fiji,FJI,1980,4638
Fiji,FJI,1975,4294
Fiji,FJI,1970,3956
Fiji,FJI,1965,3821
Fiji,FJI,1960,4316
Fiji,FJI,1955,5366
Guyana,GUY,2023,5587
Guyana,GUY,2022,6863
Guyana,GUY,2020,6394
Guyana,GUY,2015,5635
Guyana,GUY,2010,5587
Guyana,GUY,2005,5680
Guyana,GUY,2000,5664
Guyana,GUY,1995,6084
Guyana,GUY,1990,6337
Guyana,GUY,1985,6689
Guyana,GUY,1980,6680
Guyana,GUY,1975,6553
Guyana,GUY,1970,6415
Guyana,GUY,1965,6250
Guyana,GUY,1960,6252
Guyana,GUY,1955,6587
Bhutan,BTN,2023,5843
Bhutan,BTN,2022,4897
Bhutan,BTN,2020,5055
Bhutan,BTN,2015,5028
Bhutan,BTN,2010,4808
Bhutan,BTN,2005,4951
Bhutan,BTN,2000,4887
Bhutan,BTN,1995,5047
Bhutan,BTN,1990,6452
Bhutan,BTN,1985,6749
Bhutan,BTN,1980,6930
Bhutan,BTN,1975,7001
Bhutan,BTN,1970,7029
Bhutan,BTN,1965,6903
Bhutan,BTN,1960,6577
Bhutan,BTN,1955,6209
Luxembourg,LUX,2023,4135
Luxembourg,LUX,2022,3879
Luxembourg,LUX,2020,4780
Luxembourg,LUX,2015,3990
Luxembourg,LUX,2010,3778
Luxembourg,LUX,2005,3621
Luxembourg,LUX,2000,3762
Luxembourg,LUX,1995,3782
Luxembourg,LUX,1990,3770
Luxembourg,LUX,1985,4011
Luxembourg,LUX,1980,4135
Luxembourg,LUX,1975,4360
Luxembourg,LUX,1970,4157
Luxembourg,LUX,1965,4042
Luxembourg,LUX,1960,3725
Luxembourg,LUX,1955,3593
Montenegro,MNE,2023,5822
Montenegro,MNE,2022,6131
Montenegro,MNE,2020,7473
Montenegro,MNE,2015,6400
Montenegro,MNE,2010,5822
Montenegro,MNE,2005,6131
Montenegro,MNE,2000,5725
Montenegro,MNE,1995,5222
Montenegro,MNE,1990,4212
Montenegro,MNE,1985,4162
Montenegro,MNE,1980,4458
Montenegro,MNE,1975,4051
Montenegro,MNE,1970,4135
Montenegro,MNE,1965,4048
Montenegro,MNE,1960,4588
Montenegro,MNE,1955,5399
Maldives,MDV,2023,1143
Maldives,MDV,2022,1259
Maldives,MDV,2020,1542
Maldives,MDV,2015,1167
Maldives,MDV,2010,1116
Maldives,MDV,2005,1143
Maldives,MDV,2000,1259
Maldives,MDV,1995,1513
Maldives,MDV,1990,1782
Maldives,MDV,1985,1936
Maldives,MDV,1980,2088
Maldives,MDV,1975,2269
Maldives,MDV,1970,2469
Maldives,MDV,1965,2520
Maldives,MDV,1960,2456
Maldives,MDV,1955,2171
Brunei,BRN,2023,1485
Brunei,BRN,2022,1258
Brunei,BRN,2020,2198
Brunei,BRN,2015,1809
Brunei,BRN,2010,1485
Brunei,BRN,2005,1258
Brunei,BRN,2000,1108
Brunei,BRN,1995,1053
Brunei,BRN,1990,1010
Brunei,BRN,1985,922
Brunei,BRN,1980,857
Brunei,BRN,1975,851
Brunei,BRN,1970,895
Brunei,BRN,1965,884
Brunei,BRN,1960,986
Brunei,BRN,1955,971
Bahamas,BHS,2023,3061
Bahamas,BHS,2022,2988
Bahamas,BHS,2020,3283
Bahamas,BHS,2015,2636
Bahamas,BHS,2010,2332
Bahamas,BHS,2005,2021
Bahamas,BHS,2000,1852
Bahamas,BHS,1995,1769
Bahamas,BHS,1990,1584
Bahamas,BHS,1985,1473
Bahamas,BHS,1980,1422
Bahamas,BHS,1975,1236
Bahamas,BHS,1970,1184
Bahamas,BHS,1965,1039
Bahamas,BHS,1960,947
Bahamas,BHS,1955,893
Iceland,ISL,2023,2536
Iceland,ISL,2022,2508
Iceland,ISL,2020,2456
Iceland,ISL,2015,2183
Iceland,ISL,2010,2030
Iceland,ISL,2005,1843
Iceland,ISL,2000,1828
Iceland,ISL,1995,1917
Iceland,ISL,1990,1712
Iceland,ISL,1985,1654
Iceland,ISL,1980,1537
Iceland,ISL,1975,1415
Iceland,ISL,1970,1460
Iceland,ISL,1965,1294
Iceland,ISL,1960,1174
Iceland,ISL,1955,1105
Barbados,BRB,2023,2595
Barbados,BRB,2022,2567
Barbados,BRB,2020,2519
Barbados,BRB,2015,2440
Barbados,BRB,2010,2482
Barbados,BRB,2005,2485
Barbados,BRB,2000,2509
Barbados,BRB,1995,2591
Barbados,BRB,1990,2518
Barbados,BRB,1985,2339
Barbados,BRB,1980,2080
Barbados,BRB,1975,2101
Barbados,BRB,1970,2082
Barbados,BRB,1965,2015
Barbados,BRB,1960,2222
Barbados,BRB,1955,2716
